{"noiseKey":{"private":{"type":"Buffer","data":"WF/lLw+P5OccZFM9cdO9QMq8Z9w+Z/bO6rudOjRQHW4="},"public":{"type":"Buffer","data":"PxGr8hjnXPeC8BGsIdkPgkJIEHDtbaA9hvO8Y3IpkxQ="}},"pairingEphemeralKeyPair":{"private":{"type":"Buffer","data":"YGfi6IJJsV+SGWv7u+fpgG4eVqBu9ctp47eJ14qOMl4="},"public":{"type":"Buffer","data":"99mg0ax8yE67467I/FjxVBf/DPLzJ0MualhXvD8ATC4="}},"signedIdentityKey":{"private":{"type":"Buffer","data":"uH8VtGsN4RN8cFE4qufe57sjmDAwkpff79sD7QVdslg="},"public":{"type":"Buffer","data":"4XDC7LiYKOEhMuLLXO164iYmtw7WEJ49MWwp+xHIb2k="}},"signedPreKey":{"keyPair":{"private":{"type":"Buffer","data":"+O3eZwaS6LAVeUc4xco1aU7y8Vj4nJ/FkkRVzVE+hEA="},"public":{"type":"Buffer","data":"19MHDdfPTLClkjmfzCRmeXEJznKBt2P4PCIdMsEevHQ="}},"signature":{"type":"Buffer","data":"+lbz40EwHNehLM4jyP6uMxtwjAboaHkbstyMxLpZepkwJnLfQFP7NRT0Rn9PyuymMHqEkojVVh/i3OaDWS7ogg=="},"keyId":1},"registrationId":54,"advSecretKey":"VIYCmsMtxUG8EEYV7whs3N7szgmteTX9jV/vI/GxJxE=","processedHistoryMessages":[{"key":{"remoteJid":"923015051232@s.whatsapp.net","fromMe":true,"id":"9836F50E3378B3DCDEB7438BB4B39B0A"},"messageTimestamp":1718730105},{"key":{"remoteJid":"923015051232@s.whatsapp.net","fromMe":true,"id":"7CB0F57FA816A6A7EA8ABCE49D3F5B0F"},"messageTimestamp":1718730105},{"key":{"remoteJid":"923015051232@s.whatsapp.net","fromMe":true,"id":"D685006EB6E55C88232433E182D4267E"},"messageTimestamp":1718730109},{"key":{"remoteJid":"923015051232@s.whatsapp.net","fromMe":true,"id":"AD301CEA05F441FAD702D90696A275C8"},"messageTimestamp":1718730110}],"nextPreKeyId":31,"firstUnuploadedPreKeyId":31,"accountSyncCounter":1,"accountSettings":{"unarchiveChats":false},"deviceId":"KkSCWurIS7qvgUrRykKHSQ","phoneId":"b46696eb-eb0b-4273-8a6b-de3ad233bc9b","identityId":{"type":"Buffer","data":"Zl2tjjv81IJ4uerLFYGBbS2l0Mo="},"registered":true,"backupToken":{"type":"Buffer","data":"xSB8f3vBbBUqRpi95FKiQEGHXfk="},"registration":{},"pairingCode":"TE1KZ72Z","me":{"id":"923015051232:6@s.whatsapp.net","lid":"148962870862022:6@lid","name":"Nul"},"account":{"details":"CNWQwbUBEPT6xrMGGAEgACgA","accountSignatureKey":"fVjb3/7Ugtz0bOdRJoNhvWtC8S31ToTXGp3gCCwUm0k=","accountSignature":"YT3nQJHucpU5Vv3CiNzKy1DRvQd+5IrlIM7tJn1cRSvhHW9NdrWqMm0iI/QkKhW4D2wGyincIWddN0wTymnGCg==","deviceSignature":"keNfoU/cKZoz1xaQjTA+HB+rzFE1J0kmfDh7KuVzm7iScYdmcTLHAdI0i3GYzr8IpREgYR+Cj2r/NupPFOpygg=="},"signalIdentities":[{"identifier":{"name":"923015051232:6@s.whatsapp.net","deviceId":0},"identifierKey":{"type":"Buffer","data":"BX1Y29/+1ILc9GznUSaDYb1rQvEt9U6E1xqd4AgsFJtJ"}}],"platform":"android","lastAccountSyncTimestamp":1718730103,"myAppStateKeyId":"AAAAAAda"}