{"_sessions":{"BWY46ttGovD4TJs2cxSzvMCV3PGB3GfhBVlkba6+0XIK":{"registrationId":1169588983,"currentRatchet":{"ephemeralKeyPair":{"pubKey":"BW2dS0M86gpV26pvlmJPZcosTXbEuK/5R3OhCxDgkcIc","privKey":"AHRvqsCEklmsAzNMiEA1F6WJw/kIHqzfotfefEujvW0="},"lastRemoteEphemeralKey":"BVZo8D1PEZAU8DmjbzTWSiCIg58+1MSinhxCsKNhKDAC","previousCounter":0,"rootKey":"ljsM8GnitJX3F28twUx8sp/v/rWSaHw5PSl1+2QlAYI="},"indexInfo":{"baseKey":"BWY46ttGovD4TJs2cxSzvMCV3PGB3GfhBVlkba6+0XIK","baseKeyType":1,"closed":-1,"used":1718796360666,"created":1718796360666,"remoteIdentityKey":"Bcxy35m5isq8tXCAzs+FaWsXOhUXpMI7VHBqgzy7OlEL"},"_chains":{"BW2dS0M86gpV26pvlmJPZcosTXbEuK/5R3OhCxDgkcIc":{"chainKey":{"counter":0,"key":"UISr24sRlVkdQ47ZOG/e7sbTRl8dNIQ4+Ogjk2q7cQw="},"chainType":1,"messageKeys":{}}},"pendingPreKey":{"signedKeyId":16,"baseKey":"BWY46ttGovD4TJs2cxSzvMCV3PGB3GfhBVlkba6+0XIK","preKeyId":2383}}},"version":"v1"}