{"_sessions":{"BZD7vv5viFhTM2RRu8vXvz5b74hwm4Sfnw0vOBkOOmUz":{"registrationId":1881184094,"currentRatchet":{"ephemeralKeyPair":{"pubKey":"Bd6Gw8/gkKUbDAxqg4YkqvJS1S2FC7IU4EIcsKj84X8N","privKey":"sGkTgsPzejkQROPi72MK46URutuaLSSrFbkSBQp23nU="},"lastRemoteEphemeralKey":"BWGpN1dldN8pkJ996ihvxU57wus7weoxIcKs35x8v4IW","previousCounter":0,"rootKey":"6+CjCLEEBOGpRIagLi3hMbEvzS3RmvQhR5HYIoSnmVY="},"indexInfo":{"baseKey":"BZD7vv5viFhTM2RRu8vXvz5b74hwm4Sfnw0vOBkOOmUz","baseKeyType":1,"closed":-1,"used":1718761839904,"created":1718761839904,"remoteIdentityKey":"BWzAufnR53fQVcyGVYqiqoeMDLdbIdAMt7CgwAedDf9R"},"_chains":{"Bd6Gw8/gkKUbDAxqg4YkqvJS1S2FC7IU4EIcsKj84X8N":{"chainKey":{"counter":2,"key":"p+5LZRgguwXT/f8YdMr32E6lbLx7i+ed80OOZGfYbyo="},"chainType":1,"messageKeys":{}}},"pendingPreKey":{"signedKeyId":1,"baseKey":"BZD7vv5viFhTM2RRu8vXvz5b74hwm4Sfnw0vOBkOOmUz","preKeyId":11848056}}},"version":"v1"}