{"_sessions":{"Bcom1mPVBUfb5NP9DawYQRPcD7BvOFDguGkXA8rgv3Mf":{"registrationId":1097585125,"currentRatchet":{"ephemeralKeyPair":{"pubKey":"Bf/SZbhdfbopGLwSAe5qmebTvwSC1PdC7saFLxP3PQ01","privKey":"wNuZcd3mPekqBtuuwrrdEReAONIQ2txefa4sWEPoImo="},"lastRemoteEphemeralKey":"BQgXiLVH9pM10NNy3eKAkr/nDqho8jXa6K3pKhOEPa0/","previousCounter":19,"rootKey":"ZP1QM0RUyHM0DxW1mrC3oCH1VC5nTtP7N9REZLMiUnM="},"indexInfo":{"baseKey":"Bcom1mPVBUfb5NP9DawYQRPcD7BvOFDguGkXA8rgv3Mf","baseKeyType":1,"closed":-1,"used":1718797061663,"created":1718759965496,"remoteIdentityKey":"BX1Y29/+1ILc9GznUSaDYb1rQvEt9U6E1xqd4AgsFJtJ"},"_chains":{"BQgXiLVH9pM10NNy3eKAkr/nDqho8jXa6K3pKhOEPa0/":{"chainKey":{"counter":4,"key":"Isem/SPhumAIarLVR/sibvwPhzyIfyGzhPF/gTT0Rp8="},"chainType":2,"messageKeys":{}},"Bf/SZbhdfbopGLwSAe5qmebTvwSC1PdC7saFLxP3PQ01":{"chainKey":{"counter":5,"key":"WZGDwaJnlMYVIZnF+fOZgV2XCzv9CKaLEdJ721MGg4A="},"chainType":1,"messageKeys":{}}}}},"version":"v1"}