{"_sessions":{"BfyvTnVj4Ps6cknHiZQYhM/mhXmjiCiKBDZFJ1vpyrVg":{"registrationId":12661,"currentRatchet":{"ephemeralKeyPair":{"pubKey":"BTsSR5AMQajXU9ApHfDaGYpSTiRSLbzgvoVpCouiPIZH","privKey":"SAmei/Dc21RE22A3g1sNocIoJNgp/5T9lpYmbpEuelg="},"lastRemoteEphemeralKey":"BU5m1+8BVL5JirCQDG9gm+0I3yZMU3Lq6kEuTKKMd31P","previousCounter":0,"rootKey":"7CxBEDi+bSlrI9AE8YIhFG6KoQXLJEmD5TqT9d4+GUQ="},"indexInfo":{"baseKey":"BfyvTnVj4Ps6cknHiZQYhM/mhXmjiCiKBDZFJ1vpyrVg","baseKeyType":1,"closed":-1,"used":1718763790587,"created":1718763790587,"remoteIdentityKey":"BRP9ucz12icIu7JRUFpxDMvwqgWhukhY9j9L322JEbV1"},"_chains":{"BTsSR5AMQajXU9ApHfDaGYpSTiRSLbzgvoVpCouiPIZH":{"chainKey":{"counter":0,"key":"MdR4VMwai6w6+PybHLrzA5LD2hGWrsccZtPw2TetHsc="},"chainType":1,"messageKeys":{}}},"pendingPreKey":{"signedKeyId":1,"baseKey":"BfyvTnVj4Ps6cknHiZQYhM/mhXmjiCiKBDZFJ1vpyrVg"}}},"version":"v1"}