{"_sessions":{"BRdjvTgrWcy+qybmprjx+zd/SKfmX1ZYACJJ2/oXsN1a":{"registrationId":777816203,"currentRatchet":{"ephemeralKeyPair":{"pubKey":"Bd8sBJ8SMBsG5kvA313LVYsoUsaiTfGfaNTekg7kVhFv","privKey":"aIVyhBNZAHU56caVgU157IvqY2tydzqnLcCwXkZWD0M="},"lastRemoteEphemeralKey":"BZaWVvFLWKGn0JQ2xzTQcn9Zs1FHxBQlW/y6H9tVmPF+","previousCounter":0,"rootKey":"4hZfSjj2K0+gX+38vO0qjLRGdnpy/w679JOZ7sTyvLc="},"indexInfo":{"baseKey":"BRdjvTgrWcy+qybmprjx+zd/SKfmX1ZYACJJ2/oXsN1a","baseKeyType":1,"closed":-1,"used":1718782764058,"created":1718782764058,"remoteIdentityKey":"BYwsU/JluKvLrPtHgeaXSOh10mzUVtO2OmoMfpPNwvEx"},"_chains":{"Bd8sBJ8SMBsG5kvA313LVYsoUsaiTfGfaNTekg7kVhFv":{"chainKey":{"counter":0,"key":"wOZaax+tEerICI9plIzx/0bPZdPTp5ftq4edUplkPJE="},"chainType":1,"messageKeys":{}}},"pendingPreKey":{"signedKeyId":1,"baseKey":"BRdjvTgrWcy+qybmprjx+zd/SKfmX1ZYACJJ2/oXsN1a","preKeyId":8869131}}},"version":"v1"}