{"_sessions":{"BezilBcdwP45BDVyWvWkGE2jIUMZkpys1xu/++amywYa":{"registrationId":2086881627,"currentRatchet":{"ephemeralKeyPair":{"pubKey":"BQtrrHTP2c7Vfa5f4idO7lsDz3h58IORYRt4oJJyX8Y4","privKey":"OP5hcFig8CL9IBrQQSb0VmaRqXZEjmUNnDWS9Io+F3E="},"lastRemoteEphemeralKey":"BW7QAW5exvlnGC9t77jIRAwnWE2lOu6Faf/cSMPfgFVH","previousCounter":0,"rootKey":"WCU1Ngvu4oIXZ4ura1+IVX+k8AfgLdYDiabAJVCsKLY="},"indexInfo":{"baseKey":"BezilBcdwP45BDVyWvWkGE2jIUMZkpys1xu/++amywYa","baseKeyType":1,"closed":-1,"used":1718763395992,"created":1718763395992,"remoteIdentityKey":"Bd4RbZ0+hllivMIy6gzFZsaq0ciJujLXord/3j1CPYFp"},"_chains":{"BQtrrHTP2c7Vfa5f4idO7lsDz3h58IORYRt4oJJyX8Y4":{"chainKey":{"counter":0,"key":"23MqYKLgwraYEtoAK3jZWHlv/wWx2UhhSTs6YbBquFE="},"chainType":1,"messageKeys":{}}},"pendingPreKey":{"signedKeyId":34,"baseKey":"BezilBcdwP45BDVyWvWkGE2jIUMZkpys1xu/++amywYa","preKeyId":6738877}}},"version":"v1"}