{"_sessions":{"BSN1Y/BpnL4wQgpEalGI1qio1PXn2zAM1QHFRncuft0e":{"registrationId":84303063,"currentRatchet":{"ephemeralKeyPair":{"pubKey":"BbnPqkbABTuIVEdIgpi0KJix9Z8N4pOo34hk0pAjsZRy","privKey":"qF5Y2PXeun//XiALjaOKu7HiTnImYlZgumQmsIwTx3Q="},"lastRemoteEphemeralKey":"BTm+gHsSEWlfhrxHpucOburUtzA4BQt9FxZqb99Zs1cT","previousCounter":4,"rootKey":"UWy9wjvx0cmB94Egn12FjmVIeIQSaRtkjr0/BDZKjJA="},"indexInfo":{"baseKey":"BSN1Y/BpnL4wQgpEalGI1qio1PXn2zAM1QHFRncuft0e","baseKeyType":1,"closed":-1,"used":1718762537504,"created":1718761747645,"remoteIdentityKey":"BXsANyROF0xUq6JHTmaJsM7bZRDjDEPC5COziCgQ9d56"},"_chains":{"BTm+gHsSEWlfhrxHpucOburUtzA4BQt9FxZqb99Zs1cT":{"chainKey":{"counter":1,"key":"POmDGf2xOBhdVSRv5vNtlJjK6Lxt5Hhk4zoF9EUJBYM="},"chainType":2,"messageKeys":{}},"BbnPqkbABTuIVEdIgpi0KJix9Z8N4pOo34hk0pAjsZRy":{"chainKey":{"counter":2,"key":"6IrZNFB+kXKe3U6yCvrP7V4CqegLwpMRwYZTubeaB2c="},"chainType":1,"messageKeys":{}}}}},"version":"v1"}