{"_sessions":{"BZhy7SXDgxJKVJftOajv3Sa/jaBPm9VVn2OBOf/EWJxG":{"registrationId":140875809,"currentRatchet":{"ephemeralKeyPair":{"pubKey":"BRt+Sted3D1FqExS8Lkjvfoyz2QtM5T8M2tUJcqWZaYd","privKey":"gF1JhCkJRvdRapeSO739vrslNdiG9kHqMiaikG+han0="},"lastRemoteEphemeralKey":"BSLB3xgZetbfcSfHd2l7FnyA6oyxuWWkMIHlpA1Km/4X","previousCounter":0,"rootKey":"9nk+1KuNnZWPM1/mzekzY//EpyqgC7FRV/T7W+5F9WU="},"indexInfo":{"baseKey":"BZhy7SXDgxJKVJftOajv3Sa/jaBPm9VVn2OBOf/EWJxG","baseKeyType":1,"closed":-1,"used":1718782764055,"created":1718782764055,"remoteIdentityKey":"BaBfqld0e5H9E9xYTCX4bX9/NLshd9KHAq0tmrz8SIl8"},"_chains":{"BRt+Sted3D1FqExS8Lkjvfoyz2QtM5T8M2tUJcqWZaYd":{"chainKey":{"counter":0,"key":"S4D9maScRoc69egi+eIEtBt+qEd16SzkLGB6tnvxL6g="},"chainType":1,"messageKeys":{}}},"pendingPreKey":{"signedKeyId":15,"baseKey":"BZhy7SXDgxJKVJftOajv3Sa/jaBPm9VVn2OBOf/EWJxG","preKeyId":630296}}},"version":"v1"}