{"_sessions":{"BVEHlvwbN8CrRsdGA2CvPFaqOWQ9Jthl7XhHrNveRuQg":{"registrationId":1065376673,"currentRatchet":{"ephemeralKeyPair":{"pubKey":"BUqnX2ZJaHJiVbbIsgg/AgEHqvUwF2YzoVyUytPWCC4E","privKey":"cG6bEaq+hsVAjXOOKd8RraZkfAd/uZNge1MUc5gVCU0="},"lastRemoteEphemeralKey":"BUCh4WQJLklD4lFFwOo+GAjH6GWQuqqIBO7uQnD+kxgw","previousCounter":0,"rootKey":"xGtax16ptcVzjVJQiTTXHNCd+9tqDhkx00gnew4xwHk="},"indexInfo":{"baseKey":"BVEHlvwbN8CrRsdGA2CvPFaqOWQ9Jthl7XhHrNveRuQg","baseKeyType":2,"closed":-1,"used":1718777210046,"created":1718777210046,"remoteIdentityKey":"BZqTpGwxyr6IFKaLU4AKncMpav75Udw6Y+shGeBTKW8d"},"_chains":{"BUCh4WQJLklD4lFFwOo+GAjH6GWQuqqIBO7uQnD+kxgw":{"chainKey":{"counter":1,"key":"YzQ/xwoUloNIJcnj+iJezKj+ClbWUyc1nNH512ewEIU="},"chainType":2,"messageKeys":{"0":"CgLcdU7nostU2zIY2qVBdLsiXobqSOvigL0KbrpIUGY="}},"BUqnX2ZJaHJiVbbIsgg/AgEHqvUwF2YzoVyUytPWCC4E":{"chainKey":{"counter":-1,"key":"xQmUVr0EWM7xtszXPFT5iRj6W+bOMWB5yoXsKecL5Tk="},"chainType":1,"messageKeys":{}}}}},"version":"v1"}