{"_sessions":{"BaPVnoDrrklCnYKZedHs4jKdq4YX2X68KEsF3eRr+eQH":{"registrationId":11752,"currentRatchet":{"ephemeralKeyPair":{"pubKey":"BWBnyDlpSvt6Z1Wiy3L9dlJjYwiX5YTNOtedJ9dRWZYy","privKey":"CHyU6KyIbTPJluTidyGSD7JKKBHr/meDR7r8LWaWX0A="},"lastRemoteEphemeralKey":"BWlqrN7/nGbRC2QfL9TaG96w5ilY6nx9nko02enmzWxe","previousCounter":0,"rootKey":"5xX0ZQw8Yuqvn3T1mt54inYYSG5QCwWXOayP9uiQKa4="},"indexInfo":{"baseKey":"BaPVnoDrrklCnYKZedHs4jKdq4YX2X68KEsF3eRr+eQH","baseKeyType":1,"closed":-1,"used":1718782764048,"created":1718782764048,"remoteIdentityKey":"BR48o63kWuYkV9QiceI9MLnTVmuQ1Leyen2gmXUUsrVg"},"_chains":{"BWBnyDlpSvt6Z1Wiy3L9dlJjYwiX5YTNOtedJ9dRWZYy":{"chainKey":{"counter":0,"key":"wey5t2w5Cn1FyRtaGPB6IPsXIRvyYrB4V+b2FZrse6U="},"chainType":1,"messageKeys":{}}},"pendingPreKey":{"signedKeyId":1,"baseKey":"BaPVnoDrrklCnYKZedHs4jKdq4YX2X68KEsF3eRr+eQH","preKeyId":757}}},"version":"v1"}