{"_sessions":{"BTqgfp28YCEKlkQ8KB/G4w9U90Zw+3FGr7ksj10c93Y4":{"registrationId":60602261,"currentRatchet":{"ephemeralKeyPair":{"pubKey":"BZQdTmA54+EgeHCaYwXPVAzqxU7OjLWyrtCDNTHHobMJ","privKey":"kHUOBVNdBDknzMe3yn/bch4c/QJRSDy+bFuK9wIfZVU="},"lastRemoteEphemeralKey":"BdFM/zn1MGwd+uIiKtuW3G5ptx3zIqXo0M9EfgZa9Coz","previousCounter":0,"rootKey":"pqgSnDADq5bTK2nC9AjzI9VS/NZTpU/IOC6PrD7M5Bs="},"indexInfo":{"baseKey":"BTqgfp28YCEKlkQ8KB/G4w9U90Zw+3FGr7ksj10c93Y4","baseKeyType":2,"closed":-1,"used":1718797069627,"created":1718796863494,"remoteIdentityKey":"BfTDMIL9c/zJdRCNEM8k4pQcH48GTLGT7GFvshtDmDg8"},"_chains":{"Bc51UbkBGJfr9rQXWkeziguIaSNSa7an3WqsTHb4cPgu":{"chainKey":{"counter":2},"chainType":2,"messageKeys":{}},"BdFM/zn1MGwd+uIiKtuW3G5ptx3zIqXo0M9EfgZa9Coz":{"chainKey":{"counter":0,"key":"+pjNmCKWiezr9PNrq8hrCUMYosL/ILNRvzWWqhpFAV0="},"chainType":2,"messageKeys":{}},"BZQdTmA54+EgeHCaYwXPVAzqxU7OjLWyrtCDNTHHobMJ":{"chainKey":{"counter":-1,"key":"fC7zOadIaptjddtfTzmS+/qKxvmQ5upIsDsDM0quz7o="},"chainType":1,"messageKeys":{}}}}},"version":"v1"}