{"_sessions":{"BY65Bt54/8hxruEBmPiLBZ96we143+9qKz0F+lS8FzVG":{"registrationId":2414,"currentRatchet":{"ephemeralKeyPair":{"pubKey":"BfDs6nlpxJdM0fWr/ehUBwD/vZsf6+LmEtSEUYrmHZMn","privKey":"IPIlHh0tAnP9zZf4NGF8D9d5LNnS1ijtA3R8d9ebW2w="},"lastRemoteEphemeralKey":"BRBBdhw5HzNiZqPP9rUMvovbV+mwLK0xB34CrqVzZAFD","previousCounter":0,"rootKey":"IVPRVUCZx6tnIGP9Wp5Nx/i6EjAkNOxW7rcPXNVauJA="},"indexInfo":{"baseKey":"BY65Bt54/8hxruEBmPiLBZ96we143+9qKz0F+lS8FzVG","baseKeyType":1,"closed":-1,"used":1718764067755,"created":1718764067755,"remoteIdentityKey":"Bdt1CuVmDXj4YMgYD4u7qkWpSM1S3hnyLQi6XIogtflO"},"_chains":{"BfDs6nlpxJdM0fWr/ehUBwD/vZsf6+LmEtSEUYrmHZMn":{"chainKey":{"counter":0,"key":"KVQWX+BIAShXpDbZcuUyo3YFvN0zJi7sm3QbsoBYHWU="},"chainType":1,"messageKeys":{}}},"pendingPreKey":{"signedKeyId":1,"baseKey":"BY65Bt54/8hxruEBmPiLBZ96we143+9qKz0F+lS8FzVG"}}},"version":"v1"}