{"_sessions":{"BbjOtZvgVeVk5mTQeRdCFpdxeaIu5edZ/siitxhChIYg":{"registrationId":757448864,"currentRatchet":{"ephemeralKeyPair":{"pubKey":"BfJlh4lox7YbesQT3B0v7EY4/g0YVmqwga6ZVUvnraMN","privKey":"aNJWsVc7HBbdFvSS9cjLla9HNEljt0lOGlbKCjBQwnE="},"lastRemoteEphemeralKey":"BZILVRssKep6o+rQBG3M9bKSaKLhUxVD9xborlcKk/Nb","previousCounter":1,"rootKey":"NEaoxTKelGfr/A2SSGLIhOi4F1VmaR/kn1lRM6ysHOg="},"indexInfo":{"baseKey":"BbjOtZvgVeVk5mTQeRdCFpdxeaIu5edZ/siitxhChIYg","baseKeyType":2,"closed":-1,"used":1718763456747,"created":1718761744830,"remoteIdentityKey":"BSTZJG3ilA1CIZVX+TiQUEK3OYhk7ES/CPEH2HFPPJ1k"},"_chains":{"BT7VsmFdiVkp4wJFDAhzh45H8pVPpP0TU04dToSDLmFg":{"chainKey":{"counter":0},"chainType":2,"messageKeys":{}},"BRc5FaVCgL1FVpqPSEaP8Jeuhsz7CiO0QbogDKVS7vwq":{"chainKey":{"counter":0},"chainType":2,"messageKeys":{}},"BTh2CEnXzO5+3lHIlca3bTk34HTFD04FVfFMlTpK/AUq":{"chainKey":{"counter":3},"chainType":2,"messageKeys":{}},"BZILVRssKep6o+rQBG3M9bKSaKLhUxVD9xborlcKk/Nb":{"chainKey":{"counter":0,"key":"EP3G07yV9wYvBotCYlCZxq5SuZSpkbsvn4/SVSRIdrI="},"chainType":2,"messageKeys":{}},"BfJlh4lox7YbesQT3B0v7EY4/g0YVmqwga6ZVUvnraMN":{"chainKey":{"counter":0,"key":"bx9EXcqyVRUGBlFsD4eueKuFVkZpRE4ZVfo1kDB12Jk="},"chainType":1,"messageKeys":{}}}}},"version":"v1"}