{"_sessions":{"BZ+ztLCpn+paV2bd6LuArsgIWqDeA/gb03vAXIx5OZI6":{"registrationId":2103342924,"currentRatchet":{"ephemeralKeyPair":{"pubKey":"BQpkpV/n6xvyzqfCS2bMWbi+gv3o5IQ48h9O34mq4uRM","privKey":"oBgsmKOuqjrG7ApxeRdnZA6rZg1WqiQGyJqgxYs1L0E="},"lastRemoteEphemeralKey":"Be1fcB7zPBp15BukVsMIZZOUIlY3KUYUIQTOQe4JJslZ","previousCounter":0,"rootKey":"z8iJ5CFRDHrQv6HknpK2uW6HjyHG34+ExS5ZE3WcpYc="},"indexInfo":{"baseKey":"BZ+ztLCpn+paV2bd6LuArsgIWqDeA/gb03vAXIx5OZI6","baseKeyType":1,"closed":-1,"used":1718764088917,"created":1718764067758,"remoteIdentityKey":"BQnHmAXYL/Gp+kPFxGYWIs2wTeAdKU7D8EC5ZpKNbm4E"},"_chains":{"Be1fcB7zPBp15BukVsMIZZOUIlY3KUYUIQTOQe4JJslZ":{"chainKey":{"counter":0,"key":"vrITS9Dmc0zl0RECwFvjFADrMmgidhX4vcChogPORFc="},"chainType":2,"messageKeys":{}},"BQpkpV/n6xvyzqfCS2bMWbi+gv3o5IQ48h9O34mq4uRM":{"chainKey":{"counter":-1,"key":"D4Jzs/ERCDbAlccEmvsw08xZw9xSylmCBstCdZyFRUI="},"chainType":1,"messageKeys":{}}}}},"version":"v1"}