{"_sessions":{"BXuUWF4GxTk1IyjwcJk0+O7NLakChHph4PcFiiog5j8b":{"registrationId":302432914,"currentRatchet":{"ephemeralKeyPair":{"pubKey":"BZ2392YBa1mWnHlHfoMn0YQSsW3LVkl8mOl5gkXxfLUn","privKey":"SO+2xHbBd+n4RdekRFfEvTTHY/Q9bg2uuRuDBkUNklY="},"lastRemoteEphemeralKey":"BbXme714XGZ3NmCdsrnizgw+AMp/dZdedUVzKeVZ30Ni","previousCounter":0,"rootKey":"0ptl8nBI6i5rzZGzHTSspQh7cuVZ25oTnqa3UDjwdy8="},"indexInfo":{"baseKey":"BXuUWF4GxTk1IyjwcJk0+O7NLakChHph4PcFiiog5j8b","baseKeyType":1,"closed":-1,"used":1718796502354,"created":1718763395996,"remoteIdentityKey":"BTA5n6xJbjcvo5nNOknZ4bFOrbvbEhWiwcLrwAL/nuN4"},"_chains":{"BbXme714XGZ3NmCdsrnizgw+AMp/dZdedUVzKeVZ30Ni":{"chainKey":{"counter":1,"key":"cGVlzwklR1p7l1UvnOyRtjmJH5E2HuDZp1qBdNhwg+A="},"chainType":2,"messageKeys":{}},"BZ2392YBa1mWnHlHfoMn0YQSsW3LVkl8mOl5gkXxfLUn":{"chainKey":{"counter":-1,"key":"i+SAhKpVBcJECrnjlZIAY3iFsRqCx8YuU8NrDyNXvBc="},"chainType":1,"messageKeys":{}}}}},"version":"v1"}