{"_sessions":{"BZZ4kYUBwuyU+iePXWe357HPNPl5FQdJp2VCHBFOL5AG":{"registrationId":1930843421,"currentRatchet":{"ephemeralKeyPair":{"pubKey":"BUF+121B79UdWuBwdXd/6CKh3jeJqduzbm1fWDGvkuVC","privKey":"oIdxZwgWb8jmq9w8yRAmS2021YUhrpVJz00DYuOYS2A="},"lastRemoteEphemeralKey":"BcIrPJSpDdIUXjK6U/JdAGYiITIY+2G2SUaUG6ioqLB0","previousCounter":0,"rootKey":"uMwt/wSlmg4Zy5CBD7nvEdhIVEY9QPTI6WUqOoo6TBk="},"indexInfo":{"baseKey":"BZZ4kYUBwuyU+iePXWe357HPNPl5FQdJp2VCHBFOL5AG","baseKeyType":1,"closed":-1,"used":1718763938124,"created":1718763938124,"remoteIdentityKey":"Bejq7mUr2/8HnlCiNlyqefC9jKn4pGrmL6BkhXSHwQ5/"},"_chains":{"BUF+121B79UdWuBwdXd/6CKh3jeJqduzbm1fWDGvkuVC":{"chainKey":{"counter":0,"key":"UPkenvVyS/guJPFiyU0ggIr49uftnaivFDbfslfqrgM="},"chainType":1,"messageKeys":{}}},"pendingPreKey":{"signedKeyId":22,"baseKey":"BZZ4kYUBwuyU+iePXWe357HPNPl5FQdJp2VCHBFOL5AG","preKeyId":2185569}}},"version":"v1"}