{"_sessions":{"Bf1v14kWGML/gcHuitXI+keZbRKBfKLzLf2a+rQLiEFT":{"registrationId":1251095303,"currentRatchet":{"ephemeralKeyPair":{"pubKey":"BTGNqSwbXrsqPW+koJMT3nVFCDpjYOk0A+ujSA6rGt5X","privKey":"GDO6TljRCKKFwgRUWYL+vKAdpJ1LVgObjgwWsKPQgV8="},"lastRemoteEphemeralKey":"BeNYTwmbbOfUREwfPtZ7o9WoXivzYfg7/pdxYX47FqBt","previousCounter":0,"rootKey":"njMzCxjEr1LLNItMY5ZgtOEhqFNMlNIgrlg49O8WHBs="},"indexInfo":{"baseKey":"Bf1v14kWGML/gcHuitXI+keZbRKBfKLzLf2a+rQLiEFT","baseKeyType":1,"closed":-1,"used":1718763790593,"created":1718763790593,"remoteIdentityKey":"BeRBAASUSuUmwJK/CjSh5OIiGbJl3H5Bo8PWGPfJZdws"},"_chains":{"BTGNqSwbXrsqPW+koJMT3nVFCDpjYOk0A+ujSA6rGt5X":{"chainKey":{"counter":0,"key":"WGJNsWb3QRJNMh1ruwrUaMcNQqmBCbZ0FTv8WlPk8Qk="},"chainType":1,"messageKeys":{}}},"pendingPreKey":{"signedKeyId":29,"baseKey":"Bf1v14kWGML/gcHuitXI+keZbRKBfKLzLf2a+rQLiEFT","preKeyId":10517910}}},"version":"v1"}