{"_sessions":{"Bd2gU2ZpktUMoYDFtsdgYnW4Kzquo2g9FVrYT2SUQk4Y":{"registrationId":5454,"currentRatchet":{"ephemeralKeyPair":{"pubKey":"BRGi5E4wXMO92STy4ilOJ8gYlplsEcnyrrRrUfTyO4l8","privKey":"4L8yETlazh/dG9TeqIlj+ieHZ8/a2aMhxuzBWdEry0w="},"lastRemoteEphemeralKey":"BdSyACBVh2MD5Zh3Ezw4eqHCVz1MngZgqvkO+gQhK9xo","previousCounter":0,"rootKey":"sUGeSd6ZOeaCDqBzoH5wqO9XuBQ3gJ3XgfAAuFgOczg="},"indexInfo":{"baseKey":"Bd2gU2ZpktUMoYDFtsdgYnW4Kzquo2g9FVrYT2SUQk4Y","baseKeyType":1,"closed":-1,"used":1718763790582,"created":1718763790582,"remoteIdentityKey":"BU6hcWL4BDupM5WvRGC/ZIIeKBZSKKIFWI12nqqIWcRa"},"_chains":{"BRGi5E4wXMO92STy4ilOJ8gYlplsEcnyrrRrUfTyO4l8":{"chainKey":{"counter":0,"key":"pIVz4LyLbdSLCcYJSZxW9VkE3dSh/nZeh/Cpvh5rAYA="},"chainType":1,"messageKeys":{}}},"pendingPreKey":{"signedKeyId":1,"baseKey":"Bd2gU2ZpktUMoYDFtsdgYnW4Kzquo2g9FVrYT2SUQk4Y"}}},"version":"v1"}