{"_sessions":{"BWortmuoax/lAgiz1VOx7mwl3cseM4BRGEaVix/zaiUG":{"registrationId":2062156736,"currentRatchet":{"ephemeralKeyPair":{"pubKey":"BaVlxnyJEUgorwHOGWP2whJWhOuIPFiKp1q1aqFuC7sg","privKey":"SLq5vc4NcBrIoYGHIqlDOAZBT7o19LM96JOLqfma8nI="},"lastRemoteEphemeralKey":"BVdmVRLtjWN0PLC/t8ALoz6DZfxIz7qrBALj1Y47pWVL","previousCounter":0,"rootKey":"xKAm2aXVHy+d2vOphyXNKaSrNGgqtdNbF+bperFZ1h0="},"indexInfo":{"baseKey":"BWortmuoax/lAgiz1VOx7mwl3cseM4BRGEaVix/zaiUG","baseKeyType":1,"closed":-1,"used":1718796360670,"created":1718796360670,"remoteIdentityKey":"BXXoGFqyo9QvtkTcw32A5vApBUisQZNPHJ4R2XR5qfAH"},"_chains":{"BaVlxnyJEUgorwHOGWP2whJWhOuIPFiKp1q1aqFuC7sg":{"chainKey":{"counter":0,"key":"+F1gNdToCzCMZj9mo41I2vFq2v/3WAOd/qrn4Q5hUac="},"chainType":1,"messageKeys":{}}},"pendingPreKey":{"signedKeyId":20,"baseKey":"BWortmuoax/lAgiz1VOx7mwl3cseM4BRGEaVix/zaiUG","preKeyId":9372318}}},"version":"v1"}