{"_sessions":{"BSSisuwe8mXG48OHndq7MErfJgM30/fMkNbdWR8xu9l9":{"registrationId":1033128749,"currentRatchet":{"ephemeralKeyPair":{"pubKey":"BSG4LitmDY8e9776cmtLpVqsLkx3x+8TzujTUzUYGG10","privKey":"QCe9cPi887anG9LrOPUUeyR5rgBnjQMm7kRU5TPJ0HQ="},"lastRemoteEphemeralKey":"BT7q8LiZTNJi9sElGtSVKA8v6J2rtldjZ/8RiqjhkNEj","previousCounter":0,"rootKey":"BKt4xRpsQzvcbbbwOFDy6zm7SZdyDkQ58g21huy7xL0="},"indexInfo":{"baseKey":"BSSisuwe8mXG48OHndq7MErfJgM30/fMkNbdWR8xu9l9","baseKeyType":1,"closed":-1,"used":1718763790590,"created":1718763790590,"remoteIdentityKey":"BcCqu2Jl63tcSTAMY+vISUexgF5rpl1YbMn37wl5lS1V"},"_chains":{"BSG4LitmDY8e9776cmtLpVqsLkx3x+8TzujTUzUYGG10":{"chainKey":{"counter":0,"key":"YCTHk2DDHGV0taQaVeWox2ar+yrW2sYtlXJg4BtRx9o="},"chainType":1,"messageKeys":{}}},"pendingPreKey":{"signedKeyId":1,"baseKey":"BSSisuwe8mXG48OHndq7MErfJgM30/fMkNbdWR8xu9l9","preKeyId":1593}}},"version":"v1"}