{"_sessions":{"BZfWZl5Gu27f/aymY2poeUdonqhGt6EYEjizwqUbVDY+":{"registrationId":12397,"currentRatchet":{"ephemeralKeyPair":{"pubKey":"BaUn5NJUDQId9mQsgnFgHMDC3s6K+l1snu4RSfjoiPYv","privKey":"APvYFEgggig4RZgnKvPhS22g1ILU5o+VlIsqkyAG6Hg="},"lastRemoteEphemeralKey":"BbIP5b9FEU7eehfBrVOBdasZApDp2YhK+6JqWV8+MPB6","previousCounter":0,"rootKey":"iH+gJorOrrjx+y/TYS6T48CPc5GaFqjjD1u5GHRBWRM="},"indexInfo":{"baseKey":"BZfWZl5Gu27f/aymY2poeUdonqhGt6EYEjizwqUbVDY+","baseKeyType":1,"closed":-1,"used":1718782764051,"created":1718782764051,"remoteIdentityKey":"BXWcZQ/xCP4ORIuTyHvPpUS92p5ogo2R4so9SWmUaJQc"},"_chains":{"BaUn5NJUDQId9mQsgnFgHMDC3s6K+l1snu4RSfjoiPYv":{"chainKey":{"counter":0,"key":"AtOll7A5CNAIRP94gT5ZLULfXRy/vEYZ+RUDjA1MHHY="},"chainType":1,"messageKeys":{}}},"pendingPreKey":{"signedKeyId":1,"baseKey":"BZfWZl5Gu27f/aymY2poeUdonqhGt6EYEjizwqUbVDY+"}}},"version":"v1"}