{"_sessions":{"Betg5tw6BIMrnVLWUMvIn1PH/WyMwAyVxGkRhwi0akV3":{"registrationId":2059580291,"currentRatchet":{"ephemeralKeyPair":{"pubKey":"BU2S92M5oOzSRHb6zPrVlh0pETaCccRrSXAIMD5YyCpa","privKey":"MKRhlt4Y3sPVW91J8Brzr70PUfT9dGEJWA49ZyKwnkU="},"lastRemoteEphemeralKey":"BS0GD9J0JK8vLFge8YwQKvFOLIMDl23guOIVIzjmi5ca","previousCounter":0,"rootKey":"Oj802y4EpoI1RMs7Z0gWkPmvvaLUzB/ft8DCsrtj2dw="},"indexInfo":{"baseKey":"Betg5tw6BIMrnVLWUMvIn1PH/WyMwAyVxGkRhwi0akV3","baseKeyType":1,"closed":1718761817093,"used":1718761747658,"created":1718761747658,"remoteIdentityKey":"Bf7Q3kMZFbMhJjTHVP3Zhy+eRq0Om0K8T7klpUzoOyR0"},"_chains":{"BU2S92M5oOzSRHb6zPrVlh0pETaCccRrSXAIMD5YyCpa":{"chainKey":{"counter":0,"key":"1+dvdG+B0xlK1Gy8faym168xwKr1bcWWNXynPRvbX+c="},"chainType":1,"messageKeys":{}}},"pendingPreKey":{"signedKeyId":2,"baseKey":"Betg5tw6BIMrnVLWUMvIn1PH/WyMwAyVxGkRhwi0akV3","preKeyId":2498215}},"BfyXXAan0xvyoTCACikUrRG1UisbAm0E2XPUl/ZRq4Ru":{"registrationId":2059580291,"currentRatchet":{"ephemeralKeyPair":{"pubKey":"BXSqJNd3kxn6l+MQmPby+sWTQje9VxsQiK79Ioj7EjUq","privKey":"UBr1omSKVxbYwo+agpPsR102ayh97yX713PcrNaw00s="},"lastRemoteEphemeralKey":"BS0GD9J0JK8vLFge8YwQKvFOLIMDl23guOIVIzjmi5ca","previousCounter":0,"rootKey":"1d5hplyRLCx692+psrifoPBND8/W9Mv7s7cR+umoYbE="},"indexInfo":{"baseKey":"BfyXXAan0xvyoTCACikUrRG1UisbAm0E2XPUl/ZRq4Ru","baseKeyType":1,"closed":1718761840868,"used":1718761817088,"created":1718761817088,"remoteIdentityKey":"Bf7Q3kMZFbMhJjTHVP3Zhy+eRq0Om0K8T7klpUzoOyR0"},"_chains":{"BXSqJNd3kxn6l+MQmPby+sWTQje9VxsQiK79Ioj7EjUq":{"chainKey":{"counter":0,"key":"apdEn8Er10uhnHkWzXrscQhtasL6wQ7g97tNtCuYq+8="},"chainType":1,"messageKeys":{}}},"pendingPreKey":{"signedKeyId":2,"baseKey":"BfyXXAan0xvyoTCACikUrRG1UisbAm0E2XPUl/ZRq4Ru","preKeyId":2498238}},"BefKsrqbqkSxXVWxvfPR+YpPmomupHwZY5qKgi5PliVV":{"registrationId":2059580291,"currentRatchet":{"ephemeralKeyPair":{"pubKey":"BTbUbCoMeB5swA7BQvhxLLCWdZyhgL07EQhwgUhiuA5/","privKey":"IPrkL3fScvHOsI1n+ZVbwJqR1tUbakHjRlmTqmIlDkA="},"lastRemoteEphemeralKey":"BS0GD9J0JK8vLFge8YwQKvFOLIMDl23guOIVIzjmi5ca","previousCounter":0,"rootKey":"504CFsWHT6Gz5GPRmymjlOWjrffSC+y/BkhZ0C1XrwU="},"indexInfo":{"baseKey":"BefKsrqbqkSxXVWxvfPR+YpPmomupHwZY5qKgi5PliVV","baseKeyType":1,"closed":1718761859608,"used":1718761840865,"created":1718761840865,"remoteIdentityKey":"Bf7Q3kMZFbMhJjTHVP3Zhy+eRq0Om0K8T7klpUzoOyR0"},"_chains":{"BTbUbCoMeB5swA7BQvhxLLCWdZyhgL07EQhwgUhiuA5/":{"chainKey":{"counter":0,"key":"jI5uDAu5ZFzidvniFK/UNEYOjbFCZ0GzjwOA4GtBJ+0="},"chainType":1,"messageKeys":{}}},"pendingPreKey":{"signedKeyId":2,"baseKey":"BefKsrqbqkSxXVWxvfPR+YpPmomupHwZY5qKgi5PliVV","preKeyId":2498278}},"BbIyiVW438iNPlUAvI47gJf4hX5w3v8VMC19TukPhBUb":{"registrationId":2059580291,"currentRatchet":{"ephemeralKeyPair":{"pubKey":"BXFiWChOvFUMwBGKaRWE+lXJbU5T/X2R0Ikuw8xJbt5+","privKey":"CDcp7K3y2u8ca+DIWzF9W/xOzEJAlwMJDIvycIAJ2VU="},"lastRemoteEphemeralKey":"BS0GD9J0JK8vLFge8YwQKvFOLIMDl23guOIVIzjmi5ca","previousCounter":0,"rootKey":"OcYn8Mm5h4D0P6vaZN51r5iVIaesTgpyYQ3ZsxsYIEM="},"indexInfo":{"baseKey":"BbIyiVW438iNPlUAvI47gJf4hX5w3v8VMC19TukPhBUb","baseKeyType":1,"closed":1718763132666,"used":1718761859606,"created":1718761859606,"remoteIdentityKey":"Bf7Q3kMZFbMhJjTHVP3Zhy+eRq0Om0K8T7klpUzoOyR0"},"_chains":{"BXFiWChOvFUMwBGKaRWE+lXJbU5T/X2R0Ikuw8xJbt5+":{"chainKey":{"counter":0,"key":"0Px8607t9p1tgblUvpK4UedrOUzBriTW7OgUUWuXfv0="},"chainType":1,"messageKeys":{}}},"pendingPreKey":{"signedKeyId":2,"baseKey":"BbIyiVW438iNPlUAvI47gJf4hX5w3v8VMC19TukPhBUb","preKeyId":2498976}},"BURPdXBjcAboTtpcocz9FxA9+UuBpO8d05QqbCJdbutM":{"registrationId":2059580291,"currentRatchet":{"ephemeralKeyPair":{"pubKey":"BSLJRPetc219g9diQECNwgA0GTbG/WIZfLge19qwS6A3","privKey":"wA++ukiSstzB8eDKHyWh2G8Cqk1GBFvKogqZbRG2LHo="},"lastRemoteEphemeralKey":"BS0GD9J0JK8vLFge8YwQKvFOLIMDl23guOIVIzjmi5ca","previousCounter":0,"rootKey":"V0M/t5rkgSTf0DElW1q62R0ZBcMFU3hJLXtC1FRjI7c="},"indexInfo":{"baseKey":"BURPdXBjcAboTtpcocz9FxA9+UuBpO8d05QqbCJdbutM","baseKeyType":1,"closed":1718784855485,"used":1718763132664,"created":1718763132664,"remoteIdentityKey":"Bf7Q3kMZFbMhJjTHVP3Zhy+eRq0Om0K8T7klpUzoOyR0"},"_chains":{"BSLJRPetc219g9diQECNwgA0GTbG/WIZfLge19qwS6A3":{"chainKey":{"counter":1,"key":"Ke4Hmqu1LbZSKJOXxMpvUTIjO2nFCJvb+NSzsaLlkts="},"chainType":1,"messageKeys":{}}},"pendingPreKey":{"signedKeyId":2,"baseKey":"BURPdXBjcAboTtpcocz9FxA9+UuBpO8d05QqbCJdbutM","preKeyId":2498909}},"BYwGIFigfD66jJU1JLFMVKG0GQedmoMWRAFFTBFQThlq":{"registrationId":2059580291,"currentRatchet":{"ephemeralKeyPair":{"pubKey":"BUuU5okyRsK5yn/7zqfvf/FGFDKNkDy9Ww0PNRwEWYYU","privKey":"2MG7t9+XJAsWA57wZ2iWVqsdilxDCCcY6UHI3oDECHQ="},"lastRemoteEphemeralKey":"BS0GD9J0JK8vLFge8YwQKvFOLIMDl23guOIVIzjmi5ca","previousCounter":0,"rootKey":"+RK+PpS8KMNhzxolPazcqwpvF8Y274jXgL82aaBdAAM="},"indexInfo":{"baseKey":"BYwGIFigfD66jJU1JLFMVKG0GQedmoMWRAFFTBFQThlq","baseKeyType":1,"closed":-1,"used":1718784855484,"created":1718784855484,"remoteIdentityKey":"Bf7Q3kMZFbMhJjTHVP3Zhy+eRq0Om0K8T7klpUzoOyR0"},"_chains":{"BUuU5okyRsK5yn/7zqfvf/FGFDKNkDy9Ww0PNRwEWYYU":{"chainKey":{"counter":0,"key":"V9dRm/I/Dm9flX4eYbZN8m/NXHPpQhHuATFSO1Y2yOI="},"chainType":1,"messageKeys":{}}},"pendingPreKey":{"signedKeyId":2,"baseKey":"BYwGIFigfD66jJU1JLFMVKG0GQedmoMWRAFFTBFQThlq","preKeyId":2498267}}},"version":"v1"}