{"_sessions":{"BRUbrtiqjA9MrlHP1TAtT+ErebnyMaxRaevW7e7EhGR9":{"registrationId":1603449179,"currentRatchet":{"ephemeralKeyPair":{"pubKey":"Bf/1kvOFrbLugHQE+F7UuoQul6IBcb6rVs/i0QW65TIK","privKey":"UE0LKo9aR9o6l2Tixkv0CI5FN2p3MZZlsVOI7oPKVkw="},"lastRemoteEphemeralKey":"Be8Q8aMAui3iAbWxKcgi+fqQNGMRd5Sjn5ZNt8+4yRxJ","previousCounter":0,"rootKey":"OXCOoazXHxcm3Wrag4vhzCcQu4DlFUwFhiyFYycA/gM="},"indexInfo":{"baseKey":"BRUbrtiqjA9MrlHP1TAtT+ErebnyMaxRaevW7e7EhGR9","baseKeyType":1,"closed":-1,"used":1718782834784,"created":1718782834784,"remoteIdentityKey":"BVtBQtrNHX+pjaP89YLujp0YuCMWVvcNSPFn0y5RT/Rr"},"_chains":{"Bf/1kvOFrbLugHQE+F7UuoQul6IBcb6rVs/i0QW65TIK":{"chainKey":{"counter":0,"key":"d7e/nfXwOhFSqnMaGFBOCXQJun8sjB7xiNI5j5acp+E="},"chainType":1,"messageKeys":{}}},"pendingPreKey":{"signedKeyId":7,"baseKey":"BRUbrtiqjA9MrlHP1TAtT+ErebnyMaxRaevW7e7EhGR9","preKeyId":7756936}}},"version":"v1"}