{"_sessions":{"Ba4kRDw3K3vPzhvA8fOhpRmiV6mYxKzgFNeZQrWycMJ5":{"registrationId":15834,"currentRatchet":{"ephemeralKeyPair":{"pubKey":"BZEbE7ysTq0gA1RK/4V2ZeK0Tg4brD3EMCydXPILemIZ","privKey":"uMb32/xf0B11hAVcIOASbS9oNK/CE50m/YrXpqDwFkA="},"lastRemoteEphemeralKey":"BRMe6UsZ2tEYbCuvZiQqNWQDHP6m+CMM8aqWiHb7Dt07","previousCounter":0,"rootKey":"onlEX8wU4rVR2IXqgeUI49enoJqCeELSf4JwZjrr1Ck="},"indexInfo":{"baseKey":"Ba4kRDw3K3vPzhvA8fOhpRmiV6mYxKzgFNeZQrWycMJ5","baseKeyType":1,"closed":-1,"used":1718763395989,"created":1718763395989,"remoteIdentityKey":"BbGq/Yg0c86qBraKXTaYssbEetk15Ft66IM49bcj5jtM"},"_chains":{"BZEbE7ysTq0gA1RK/4V2ZeK0Tg4brD3EMCydXPILemIZ":{"chainKey":{"counter":0,"key":"b5iEj02zMYht8PcWp3j4hC4aXPdyRGOiZU/9beBigGM="},"chainType":1,"messageKeys":{}}},"pendingPreKey":{"signedKeyId":1,"baseKey":"Ba4kRDw3K3vPzhvA8fOhpRmiV6mYxKzgFNeZQrWycMJ5","preKeyId":1743}}},"version":"v1"}