{"_sessions":{"BV0A1bFt4I2+0ZNk/BwuDVVV9wFYH9bNh/YxZn1KAS8Q":{"registrationId":687617922,"currentRatchet":{"ephemeralKeyPair":{"pubKey":"BQSqwE0wXIudctsm57oom1hkCksJiln6HuPq0AREWP9u","privKey":"GCdy9SB9bti4fZ4NHt5ZFXDqA7dgf1V5pI9Ml8EP728="},"lastRemoteEphemeralKey":"BaiIQQvhLh3CfsXg39GNOsQ2O5dkg3R5gwnQ/y+6kX43","previousCounter":0,"rootKey":"VrBDV8FBeSoJm+9l4CZv5Be6M2pJ7CwWQQoivhSaky4="},"indexInfo":{"baseKey":"BV0A1bFt4I2+0ZNk/BwuDVVV9wFYH9bNh/YxZn1KAS8Q","baseKeyType":1,"closed":-1,"used":1718796724644,"created":1718782764061,"remoteIdentityKey":"BeK530HxgNrqko8p0RYF4T7FD3C7pu0Y8x9WCBTAhH9L"},"_chains":{"BaiIQQvhLh3CfsXg39GNOsQ2O5dkg3R5gwnQ/y+6kX43":{"chainKey":{"counter":0,"key":"F+l1E8h2LSA/XSOHfChysXlkVVGQtASrhXFPJZ3ecsc="},"chainType":2,"messageKeys":{}},"BQSqwE0wXIudctsm57oom1hkCksJiln6HuPq0AREWP9u":{"chainKey":{"counter":-1,"key":"ANGYMvGQRKQWVzk5gscVdh0IKzDPiu32K1AreswloDs="},"chainType":1,"messageKeys":{}}}}},"version":"v1"}