{"_sessions":{"BV/ap2fJWwpQAfw1LFbs0DhuEX74nTfb2W19G8s3uUYl":{"registrationId":1049891061,"currentRatchet":{"ephemeralKeyPair":{"pubKey":"BQujGJRWQE08ML+MH/32tFrz9CHDxNja2AsqD7IXAW5K","privKey":"EIRBXMWz+hqXo3kXsb+guhUGG2C7voKxEcJF+bN/+Gs="},"lastRemoteEphemeralKey":"BZyhVF+d4dX4XA6jviopjHUyooTjtqdhdL6MUJiCqmRR","previousCounter":0,"rootKey":"Xz3PsXzR9K5QSE0kJbF3JyCQsySQLQCLyYVxD4PG82Y="},"indexInfo":{"baseKey":"BV/ap2fJWwpQAfw1LFbs0DhuEX74nTfb2W19G8s3uUYl","baseKeyType":2,"closed":-1,"used":1718783842333,"created":1718783842333,"remoteIdentityKey":"BaXr8cWgvLVQ6imzV25ZX1prHPpshb9sXYy39WDmsa9/"},"_chains":{"BZyhVF+d4dX4XA6jviopjHUyooTjtqdhdL6MUJiCqmRR":{"chainKey":{"counter":0,"key":"G7vfKas5NjbAytSZ0eSohv9DCviCKM/HNN7hIdjuiqg="},"chainType":2,"messageKeys":{}},"BQujGJRWQE08ML+MH/32tFrz9CHDxNja2AsqD7IXAW5K":{"chainKey":{"counter":-1,"key":"MKEXGr8fU6XXrUdYfOCnKoFUTXbtd8l+4TCjQ52Nya8="},"chainType":1,"messageKeys":{}}}}},"version":"v1"}