{"_sessions":{"BUCLZ81w7LIWdRFsbNRcvf0ftmodi7Gyy5D50nToEOdn":{"registrationId":2593,"currentRatchet":{"ephemeralKeyPair":{"pubKey":"BcucP3B3y63iXTEgjRCt8gGd528Da8X5pWbvxCpox3kf","privKey":"GPb6cl1LDDexOrAEtl5/LvfxxjPwoRroL32Ns1oUtUA="},"lastRemoteEphemeralKey":"BdVygFjMg57qSdG/VgKQ9fYu2O8PszqjAcXFhnd2Lb0U","previousCounter":0,"rootKey":"tsTAOBb47sLxxbMq0QZM/i/cSSC/fJJQyVUZlhDs2VQ="},"indexInfo":{"baseKey":"BUCLZ81w7LIWdRFsbNRcvf0ftmodi7Gyy5D50nToEOdn","baseKeyType":1,"closed":-1,"used":1718763790585,"created":1718763790585,"remoteIdentityKey":"BVuzA96o7S2m1n3GOQFsV11WMXMYUVy6b9nyA1KggzhW"},"_chains":{"BcucP3B3y63iXTEgjRCt8gGd528Da8X5pWbvxCpox3kf":{"chainKey":{"counter":0,"key":"yqL+oz4A71SFDm8rG3ZETZXVCVS7/Ymdidops+t8Jt0="},"chainType":1,"messageKeys":{}}},"pendingPreKey":{"signedKeyId":1,"baseKey":"BUCLZ81w7LIWdRFsbNRcvf0ftmodi7Gyy5D50nToEOdn"}}},"version":"v1"}