{
  "bot_923015051232@s.whatsapp.net": {
    "id": "bot_923015051232@s.whatsapp.net",
    "alive_text": "*HEY &user* \n*ι αм σηℓιηє нσω ¢αη ι нєℓρ уσυ* \n\n_ι αм ᴍυℓтι ԃєνιᴄє ωнαтѕαρρ вσт_ \n_Cʀєαtєd вყ : ᴀʜᴍᴇᴅ 🖤_ \n\n*_Update Alive Message by adding text with Alive_* \n*SUPPORT US https://wa.link/jc0bfl*",
    "alive_get": "you did'nt set alive message yet\nType [.alive info] to get alive info",
    "alive_url": "",
    "alive_image": false,
    "alive_video": false,
    "permit": false,
    "permit_values": "all",
    "chatbot": "false",
    "antiviewonce": "true",
    "antidelete": "true",
    "autobio": "false",
    "levelup": "false",
    "anticall": "true",
    "autoreaction": "true",
    "bgm": false,
    "bgmarray": {},
    "plugins": {},
    "notes": {},
    "warn": {},
    "afk": {},
    "filter": {},
    "mention": {},
    "rent": {}
  }
}