{
  "923015051232@s.whatsapp.net": {
    "id": "923015051232@s.whatsapp.net",
    "events": "false",
    "nsfw": "false",
    "pdm": "false",
    "antipromote": "false",
    "antidemote": "false",
    "welcome": "true",
    "goodbye": "true",
    "welcometext": " *@user @pp Asslam o Alikum\nWelcome Mr/Miss in @gname Group.....!!!!!😊👇🏻♥️* \n\n*ＧＲＯＵＰ ＤＥＳＣＲＩＰＴＩＯＮ*\n@desc\n\n\n *______________*\n   *Note:*\n*_Don't reply to this massage_*\n*_This massage is generated by a WhatsApp BOT_*\nFor Support Contact: @owner",
    "goodbyetext": "*@user @pp Left From @gname.....!!!!!😊👆🏻♥️ Allah Nagaban* \n\n*ＧＲＯＵＰ ＤＥＳＣＲＩＰＴＩＯＮ*\n@desc\n\n\n *______________*\n*Note:*\n*_Don't reply to this massage_*\n*_This massage is generated by a WhatsApp BOT_*\nFor Support Contact: @owner",
    "botenable": "true",
    "antilink": "false",
    "antiword": {},
    "antifake": "false",
    "antispam": "false",
    "antitag": "false",
    "antibot": "false",
    "onlyadmin": "false",
    "economy": "false",
    "disablecmds": "false",
    "chatbot": "false",
    "mute": "false",
    "unmute": "false"
  },
  "923138888390@s.whatsapp.net": {
    "id": "923138888390@s.whatsapp.net",
    "events": "false",
    "nsfw": "false",
    "pdm": "false",
    "antipromote": "false",
    "antidemote": "false",
    "welcome": "true",
    "goodbye": "true",
    "welcometext": " *@user @pp Asslam o Alikum\nWelcome Mr/Miss in @gname Group.....!!!!!😊👇🏻♥️* \n\n*ＧＲＯＵＰ ＤＥＳＣＲＩＰＴＩＯＮ*\n@desc\n\n\n *______________*\n   *Note:*\n*_Don't reply to this massage_*\n*_This massage is generated by a WhatsApp BOT_*\nFor Support Contact: @owner",
    "goodbyetext": "*@user @pp Left From @gname.....!!!!!😊👆🏻♥️ Allah Nagaban* \n\n*ＧＲＯＵＰ ＤＥＳＣＲＩＰＴＩＯＮ*\n@desc\n\n\n *______________*\n*Note:*\n*_Don't reply to this massage_*\n*_This massage is generated by a WhatsApp BOT_*\nFor Support Contact: @owner",
    "botenable": "true",
    "antilink": "false",
    "antiword": {},
    "antifake": "false",
    "antispam": "false",
    "antitag": "false",
    "antibot": "false",
    "onlyadmin": "false",
    "economy": "false",
    "disablecmds": "false",
    "chatbot": "false",
    "mute": "false",
    "unmute": "false"
  },
  "120363298148416884@g.us": {
    "id": "120363298148416884@g.us",
    "events": "false",
    "nsfw": "false",
    "pdm": "false",
    "antipromote": "false",
    "antidemote": "false",
    "welcome": "true",
    "goodbye": "true",
    "welcometext": " *@user @pp Asslam o Alikum\nWelcome Mr/Miss in @gname Group.....!!!!!😊👇🏻♥️* \n\n*ＧＲＯＵＰ ＤＥＳＣＲＩＰＴＩＯＮ*\n@desc\n\n\n *______________*\n   *Note:*\n*_Don't reply to this massage_*\n*_This massage is generated by a WhatsApp BOT_*\nFor Support Contact: @owner",
    "goodbyetext": "*@user @pp Left From @gname.....!!!!!😊👆🏻♥️ Allah Nagaban* \n\n*ＧＲＯＵＰ ＤＥＳＣＲＩＰＴＩＯＮ*\n@desc\n\n\n *______________*\n*Note:*\n*_Don't reply to this massage_*\n*_This massage is generated by a WhatsApp BOT_*\nFor Support Contact: @owner",
    "botenable": "true",
    "antilink": "false",
    "antiword": {},
    "antifake": "false",
    "antispam": "false",
    "antitag": "false",
    "antibot": "false",
    "onlyadmin": "false",
    "economy": "false",
    "disablecmds": "false",
    "chatbot": "false",
    "mute": "false",
    "unmute": "false"
  },
  "120363308693724418@g.us": {
    "id": "120363308693724418@g.us",
    "events": "false",
    "nsfw": "false",
    "pdm": "false",
    "antipromote": "false",
    "antidemote": "false",
    "welcome": "true",
    "goodbye": "true",
    "welcometext": " *@user @pp Asslam o Alikum\nWelcome Mr/Miss in @gname Group.....!!!!!😊👇🏻♥️* \n\n*ＧＲＯＵＰ ＤＥＳＣＲＩＰＴＩＯＮ*\n@desc\n\n\n *______________*\n   *Note:*\n*_Don't reply to this massage_*\n*_This massage is generated by a WhatsApp BOT_*\nFor Support Contact: @owner",
    "goodbyetext": "*@user @pp Left From @gname.....!!!!!😊👆🏻♥️ Allah Nagaban* \n\n*ＧＲＯＵＰ ＤＥＳＣＲＩＰＴＩＯＮ*\n@desc\n\n\n *______________*\n*Note:*\n*_Don't reply to this massage_*\n*_This massage is generated by a WhatsApp BOT_*\nFor Support Contact: @owner",
    "botenable": "true",
    "antilink": "false",
    "antiword": {},
    "antifake": "false",
    "antispam": "false",
    "antitag": "false",
    "antibot": "false",
    "onlyadmin": "false",
    "economy": "false",
    "disablecmds": "false",
    "chatbot": "false",
    "mute": "false",
    "unmute": "false"
  },
  "923497544456@s.whatsapp.net": {
    "id": "923497544456@s.whatsapp.net",
    "events": "false",
    "nsfw": "false",
    "pdm": "false",
    "antipromote": "false",
    "antidemote": "false",
    "welcome": "true",
    "goodbye": "true",
    "welcometext": " *@user @pp Asslam o Alikum\nWelcome Mr/Miss in @gname Group.....!!!!!😊👇🏻♥️* \n\n*ＧＲＯＵＰ ＤＥＳＣＲＩＰＴＩＯＮ*\n@desc\n\n\n *______________*\n   *Note:*\n*_Don't reply to this massage_*\n*_This massage is generated by a WhatsApp BOT_*\nFor Support Contact: @owner",
    "goodbyetext": "*@user @pp Left From @gname.....!!!!!😊👆🏻♥️ Allah Nagaban* \n\n*ＧＲＯＵＰ ＤＥＳＣＲＩＰＴＩＯＮ*\n@desc\n\n\n *______________*\n*Note:*\n*_Don't reply to this massage_*\n*_This massage is generated by a WhatsApp BOT_*\nFor Support Contact: @owner",
    "botenable": "true",
    "antilink": "false",
    "antiword": {},
    "antifake": "false",
    "antispam": "false",
    "antitag": "false",
    "antibot": "false",
    "onlyadmin": "false",
    "economy": "false",
    "disablecmds": "false",
    "chatbot": "false",
    "mute": "false",
    "unmute": "false"
  },
  "923020340541@s.whatsapp.net": {
    "id": "923020340541@s.whatsapp.net",
    "events": "false",
    "nsfw": "false",
    "pdm": "false",
    "antipromote": "false",
    "antidemote": "false",
    "welcome": "true",
    "goodbye": "true",
    "welcometext": " *@user @pp Asslam o Alikum\nWelcome Mr/Miss in @gname Group.....!!!!!😊👇🏻♥️* \n\n*ＧＲＯＵＰ ＤＥＳＣＲＩＰＴＩＯＮ*\n@desc\n\n\n *______________*\n   *Note:*\n*_Don't reply to this massage_*\n*_This massage is generated by a WhatsApp BOT_*\nFor Support Contact: @owner",
    "goodbyetext": "*@user @pp Left From @gname.....!!!!!😊👆🏻♥️ Allah Nagaban* \n\n*ＧＲＯＵＰ ＤＥＳＣＲＩＰＴＩＯＮ*\n@desc\n\n\n *______________*\n*Note:*\n*_Don't reply to this massage_*\n*_This massage is generated by a WhatsApp BOT_*\nFor Support Contact: @owner",
    "botenable": "true",
    "antilink": "false",
    "antiword": {},
    "antifake": "false",
    "antispam": "false",
    "antitag": "false",
    "antibot": "false",
    "onlyadmin": "false",
    "economy": "false",
    "disablecmds": "false",
    "chatbot": "false",
    "mute": "false",
    "unmute": "false"
  }
}