{
  "923015051232@s.whatsapp.net": {
    "id": "923015051232@s.whatsapp.net",
    "name": "sir",
    "times": 0,
    "permit": "false",
    "ban": "false",
    "warn": {},
    "rank": {
      "exp": 4795,
      "level": 5,
      "ttms": 31,
      "need": 5344
    }
  },
  "923138888390@s.whatsapp.net": {
    "id": "923138888390@s.whatsapp.net",
    "name": "Ahmed Sohail",
    "times": 0,
    "permit": "false",
    "ban": "false",
    "warn": {},
    "rank": {
      "exp": 225,
      "level": 1,
      "ttms": 11,
      "need": 167
    }
  },
  "923142032682@s.whatsapp.net": {
    "id": "923142032682@s.whatsapp.net",
    "name": "Rana Sab",
    "times": 0,
    "permit": "false",
    "ban": "false",
    "warn": {},
    "rank": {
      "exp": 3,
      "level": 1,
      "ttms": 2,
      "need": 167
    }
  },
  "923497544456@s.whatsapp.net": {
    "id": "923497544456@s.whatsapp.net",
    "name": "Content Writer Kainat",
    "times": 0,
    "permit": "false",
    "ban": "false",
    "warn": {},
    "rank": {
      "exp": 114,
      "level": 1,
      "ttms": 3,
      "need": 167
    }
  },
  "923314376615@s.whatsapp.net": {
    "id": "923314376615@s.whatsapp.net",
    "name": "Danish Raza",
    "times": 0,
    "permit": "false",
    "ban": "false",
    "warn": {},
    "rank": {
      "exp": 7,
      "level": 1,
      "ttms": 3,
      "need": 167
    }
  },
  "923020340541@s.whatsapp.net": {
    "id": "923020340541@s.whatsapp.net",
    "name": "Alhumdllilah 💕",
    "times": 0,
    "permit": "false",
    "ban": "false",
    "warn": {},
    "rank": {
      "exp": 143,
      "level": 1,
      "ttms": 5,
      "need": 167
    }
  }
}